userId,Recommended Movies
3.0,"Groundhog Day (1993) [Comedy|Fantasy|Romance] | Goodfellas (1990) [Crime|Drama] | Twelve Monkeys (a.k.a. 12 Monkeys) (1995) [Mystery|Sci-Fi|Thriller] | Mr. Holland's Opus (1995) [Drama] | K-PAX (2001) [Drama|Fantasy|Mystery|Sci-Fi] | Finding Nemo (2003) [Adventure|Animation|Children|Comedy] | Hoop Dreams (1994) [Documentary] | Last Detail, The (1973) [Comedy|Drama] | Dark Knight, The (2008) [Action|Crime|Drama|IMAX] | Gaslight (1944) [Drama|Thriller]"
7.0,"Godfather, The (1972) [Crime|Drama] | Godfather: Part II, The (1974) [Crime|Drama] | All About Eve (1950) [Drama] | 12 Angry Men (1957) [Drama] | Raiders of the Lost Ark (Indiana Jones and the Raiders of the Lost Ark) (1981) [Action|Adventure] | Toy Story 3 (2010) [Adventure|Animation|Children|Comedy|Fantasy|IMAX] | Whiplash (2014) [Drama] | North by Northwest (1959) [Action|Adventure|Mystery|Romance|Thriller] | Schindler's List (1993) [Drama|War] | Shawshank Redemption, The (1994) [Crime|Drama]"
11.0,"Matrix, The (1999) [Action|Sci-Fi|Thriller] | Star Wars: Episode IV - A New Hope (1977) [Action|Adventure|Sci-Fi] | Lawrence of Arabia (1962) [Adventure|Drama|War] | Raiders of the Lost Ark (Indiana Jones and the Raiders of the Lost Ark) (1981) [Action|Adventure] | Monty Python and the Holy Grail (1975) [Adventure|Comedy|Fantasy] | Goodfellas (1990) [Crime|Drama] | Singin' in the Rain (1952) [Comedy|Musical|Romance] | Godfather, The (1972) [Crime|Drama] | Casablanca (1942) [Drama|Romance] | Dr. Strangelove or: How I Learned to Stop Worrying and Love the Bomb (1964) [Comedy|War]"
25.0,"Usual Suspects, The (1995) [Crime|Mystery|Thriller] | Pulp Fiction (1994) [Comedy|Crime|Drama|Thriller] | Shawshank Redemption, The (1994) [Crime|Drama] | Forrest Gump (1994) [Comedy|Drama|Romance|War] | Fargo (1996) [Comedy|Crime|Drama|Thriller] | Dr. Strangelove or: How I Learned to Stop Worrying and Love the Bomb (1964) [Comedy|War] | Godfather, The (1972) [Crime|Drama] | Philadelphia Story, The (1940) [Comedy|Drama|Romance] | North by Northwest (1959) [Action|Adventure|Mystery|Romance|Thriller] | Casablanca (1942) [Drama|Romance]"
30.0,"Usual Suspects, The (1995) [Crime|Mystery|Thriller] | Dr. Strangelove or: How I Learned to Stop Worrying and Love the Bomb (1964) [Comedy|War] | Godfather, The (1972) [Crime|Drama] | Princess Bride, The (1987) [Action|Adventure|Comedy|Fantasy|Romance] | Amadeus (1984) [Drama] | Shining, The (1980) [Horror] | American History X (1998) [Crime|Drama] | Fight Club (1999) [Action|Crime|Drama|Thriller] | Green Mile, The (1999) [Crime|Drama] | Double Indemnity (1944) [Crime|Drama|Film-Noir]"
31.0,"Streetcar Named Desire, A (1951) [Drama] | Shawshank Redemption, The (1994) [Crime|Drama] | Hoop Dreams (1994) [Documentary] | Sunset Blvd. (a.k.a. Sunset Boulevard) (1950) [Drama|Film-Noir|Romance] | In the Name of the Father (1993) [Drama] | Philadelphia Story, The (1940) [Comedy|Drama|Romance] | Lawrence of Arabia (1962) [Adventure|Drama|War] | Harold and Maude (1971) [Comedy|Drama|Romance] | Godfather, The (1972) [Crime|Drama] | Logan (2017) [Action|Sci-Fi]"
40.0,"Streetcar Named Desire, A (1951) [Drama] | Shawshank Redemption, The (1994) [Crime|Drama] | Hoop Dreams (1994) [Documentary] | Sunset Blvd. (a.k.a. Sunset Boulevard) (1950) [Drama|Film-Noir|Romance] | In the Name of the Father (1993) [Drama] | Philadelphia Story, The (1940) [Comedy|Drama|Romance] | Lawrence of Arabia (1962) [Adventure|Drama|War] | Harold and Maude (1971) [Comedy|Drama|Romance] | Godfather, The (1972) [Crime|Drama] | Logan (2017) [Action|Sci-Fi]"
56.0,"Streetcar Named Desire, A (1951) [Drama] | My Neighbor Totoro (Tonari no Totoro) (1988) [Animation|Children|Drama|Fantasy] | Rear Window (1954) [Mystery|Thriller] | Dr. Strangelove or: How I Learned to Stop Worrying and Love the Bomb (1964) [Comedy|War] | Great Escape, The (1963) [Action|Adventure|Drama|War] | Lawrence of Arabia (1962) [Adventure|Drama|War] | Grand Day Out with Wallace and Gromit, A (1989) [Adventure|Animation|Children|Comedy|Sci-Fi] | Godfather, The (1972) [Crime|Drama] | Snatch (2000) [Comedy|Crime|Thriller] | Reservoir Dogs (1992) [Crime|Mystery|Thriller]"
64.0,"Dr. Strangelove or: How I Learned to Stop Worrying and Love the Bomb (1964) [Comedy|War] | Streetcar Named Desire, A (1951) [Drama] | Evil Dead II (Dead by Dawn) (1987) [Action|Comedy|Fantasy|Horror] | Philadelphia Story, The (1940) [Comedy|Drama|Romance] | Guess Who's Coming to Dinner (1967) [Drama] | Spirited Away (Sen to Chihiro no kamikakushi) (2001) [Adventure|Animation|Fantasy] | Grand Day Out with Wallace and Gromit, A (1989) [Adventure|Animation|Children|Comedy|Sci-Fi] | In the Name of the Father (1993) [Drama] | Rear Window (1954) [Mystery|Thriller] | Kiss Kiss Bang Bang (2005) [Comedy|Crime|Mystery|Thriller]"
71.0,"Shawshank Redemption, The (1994) [Crime|Drama] | Braveheart (1995) [Action|Drama|War] | Eternal Sunshine of the Spotless Mind (2004) [Drama|Romance|Sci-Fi] | Streetcar Named Desire, A (1951) [Drama] | Life Is Beautiful (La Vita è bella) (1997) [Comedy|Drama|Romance|War] | Usual Suspects, The (1995) [Crime|Mystery|Thriller] | Goodfellas (1990) [Crime|Drama] | Schindler's List (1993) [Drama|War] | Shining, The (1980) [Horror] | Christmas Story, A (1983) [Children|Comedy]"
73.0,"Cool Hand Luke (1967) [Drama] | Schindler's List (1993) [Drama|War] | Sense and Sensibility (1995) [Drama|Romance] | Rebecca (1940) [Drama|Mystery|Romance|Thriller] | Usual Suspects, The (1995) [Crime|Mystery|Thriller] | Léon: The Professional (a.k.a. The Professional) (Léon) (1994) [Action|Crime|Drama|Thriller] | Wallace & Gromit: A Close Shave (1995) [Animation|Children|Comedy] | Wallace & Gromit: The Wrong Trousers (1993) [Animation|Children|Comedy|Crime] | Amelie (Fabuleux destin d'Amélie Poulain, Le) (2001) [Comedy|Romance] | Shawshank Redemption, The (1994) [Crime|Drama]"
74.0,"Streetcar Named Desire, A (1951) [Drama] | Shawshank Redemption, The (1994) [Crime|Drama] | Little Big Man (1970) [Western] | Dr. Strangelove or: How I Learned to Stop Worrying and Love the Bomb (1964) [Comedy|War] | Raging Bull (1980) [Drama] | Touch of Evil (1958) [Crime|Film-Noir|Thriller] | Goodfellas (1990) [Crime|Drama] | Seventh Seal, The (Sjunde inseglet, Det) (1957) [Drama] | Spirited Away (Sen to Chihiro no kamikakushi) (2001) [Adventure|Animation|Fantasy] | Sunset Blvd. (a.k.a. Sunset Boulevard) (1950) [Drama|Film-Noir|Romance]"
77.0,"Lawrence of Arabia (1962) [Adventure|Drama|War] | Usual Suspects, The (1995) [Crime|Mystery|Thriller] | Good, the Bad and the Ugly, The (Buono, il brutto, il cattivo, Il) (1966) [Action|Adventure|Western] | Princess Bride, The (1987) [Action|Adventure|Comedy|Fantasy|Romance] | Seven Samurai (Shichinin no samurai) (1954) [Action|Adventure|Drama] | Femme Nikita, La (Nikita) (1990) [Action|Crime|Romance|Thriller] | Spotlight (2015) [Thriller] | Hustler, The (1961) [Drama] | Psycho (1960) [Crime|Horror] | Lost in Translation (2003) [Comedy|Drama|Romance]"
78.0,"Goodfellas (1990) [Crime|Drama] | Godfather, The (1972) [Crime|Drama] | Braveheart (1995) [Action|Drama|War] | Glory (1989) [Drama|War] | Trainspotting (1996) [Comedy|Crime|Drama] | Life Is Beautiful (La Vita è bella) (1997) [Comedy|Drama|Romance|War] | Reservoir Dogs (1992) [Crime|Mystery|Thriller] | Philadelphia Story, The (1940) [Comedy|Drama|Romance] | Godfather: Part II, The (1974) [Crime|Drama] | Cool Hand Luke (1967) [Drama]"
79.0,"Monty Python and the Holy Grail (1975) [Adventure|Comedy|Fantasy] | Kiss Kiss Bang Bang (2005) [Comedy|Crime|Mystery|Thriller] | Blazing Saddles (1974) [Comedy|Western] | Raging Bull (1980) [Drama] | Cool Hand Luke (1967) [Drama] | Outlaw Josey Wales, The (1976) [Action|Adventure|Drama|Thriller|Western] | Princess Mononoke (Mononoke-hime) (1997) [Action|Adventure|Animation|Drama|Fantasy] | Lawrence of Arabia (1962) [Adventure|Drama|War] | Toy Story 3 (2010) [Adventure|Animation|Children|Comedy|Fantasy|IMAX] | Little Big Man (1970) [Western]"
82.0,"Fight Club (1999) [Action|Crime|Drama|Thriller] | Eternal Sunshine of the Spotless Mind (2004) [Drama|Romance|Sci-Fi] | Departed, The (2006) [Crime|Drama|Thriller] | Shawshank Redemption, The (1994) [Crime|Drama] | Lawrence of Arabia (1962) [Adventure|Drama|War] | Life Is Beautiful (La Vita è bella) (1997) [Comedy|Drama|Romance|War] | Crouching Tiger, Hidden Dragon (Wo hu cang long) (2000) [Action|Drama|Romance] | Outlaw Josey Wales, The (1976) [Action|Adventure|Drama|Thriller|Western] | Streetcar Named Desire, A (1951) [Drama] | Pulp Fiction (1994) [Comedy|Crime|Drama|Thriller]"
83.0,"To Catch a Thief (1955) [Crime|Mystery|Romance|Thriller] | Philadelphia Story, The (1940) [Comedy|Drama|Romance] | Manchurian Candidate, The (1962) [Crime|Thriller|War] | Apocalypse Now (1979) [Action|Drama|War] | Hoop Dreams (1994) [Documentary] | Doctor Zhivago (1965) [Drama|Romance|War] | In the Name of the Father (1993) [Drama] | For a Few Dollars More (Per qualche dollaro in più) (1965) [Action|Drama|Thriller|Western] | Ghost in the Shell (Kôkaku kidôtai) (1995) [Animation|Sci-Fi] | Boondock Saints, The (2000) [Action|Crime|Drama|Thriller]"
87.0,"Departed, The (2006) [Crime|Drama|Thriller] | Wallace & Gromit: The Best of Aardman Animation (1996) [Adventure|Animation|Comedy] | Star Wars: Episode IV - A New Hope (1977) [Action|Adventure|Sci-Fi] | Three Billboards Outside Ebbing, Missouri (2017) [Crime|Drama] | Lawrence of Arabia (1962) [Adventure|Drama|War] | Lord of the Rings: The Fellowship of the Ring, The (2001) [Adventure|Fantasy] | Raiders of the Lost Ark (Indiana Jones and the Raiders of the Lost Ark) (1981) [Action|Adventure] | Star Wars: Episode V - The Empire Strikes Back (1980) [Action|Adventure|Sci-Fi] | Casablanca (1942) [Drama|Romance] | Brazil (1985) [Fantasy|Sci-Fi]"
102.0,"Life Is Beautiful (La Vita è bella) (1997) [Comedy|Drama|Romance|War] | Eternal Sunshine of the Spotless Mind (2004) [Drama|Romance|Sci-Fi] | Green Mile, The (1999) [Crime|Drama] | Spotlight (2015) [Thriller] | Evil Dead II (Dead by Dawn) (1987) [Action|Comedy|Fantasy|Horror] | Touch of Evil (1958) [Crime|Film-Noir|Thriller] | Spirited Away (Sen to Chihiro no kamikakushi) (2001) [Adventure|Animation|Fantasy] | There Will Be Blood (2007) [Drama|Western] | Cool Hand Luke (1967) [Drama] | Raging Bull (1980) [Drama]"
105.0,"Rosemary's Baby (1968) [Drama|Horror|Thriller] | Raging Bull (1980) [Drama] | Fog of War: Eleven Lessons from the Life of Robert S. McNamara, The (2003) [Documentary|War] | Hustler, The (1961) [Drama] | Wristcutters: A Love Story (2006) [Drama|Fantasy|Romance] | To Catch a Thief (1955) [Crime|Mystery|Romance|Thriller] | Singin' in the Rain (1952) [Comedy|Musical|Romance] | Evil Dead II (Dead by Dawn) (1987) [Action|Comedy|Fantasy|Horror] | Glory (1989) [Drama|War] | Notorious (1946) [Film-Noir|Romance|Thriller]"
111.0,"Do the Right Thing (1989) [Drama] | Spotlight (2015) [Thriller] | Hustler, The (1961) [Drama] | One Flew Over the Cuckoo's Nest (1975) [Drama] | Moonrise Kingdom (2012) [Comedy|Drama|Romance] | Office Space (1999) [Comedy|Crime] | Adaptation (2002) [Comedy|Drama|Romance] | Logan (2017) [Action|Sci-Fi] | Strada, La (1954) [Drama] | Sunset Blvd. (a.k.a. Sunset Boulevard) (1950) [Drama|Film-Noir|Romance]"
132.0,"Hoop Dreams (1994) [Documentary] | Once Upon a Time in the West (C'era una volta il West) (1968) [Action|Drama|Western] | Evil Dead II (Dead by Dawn) (1987) [Action|Comedy|Fantasy|Horror] | Princess Bride, The (1987) [Action|Adventure|Comedy|Fantasy|Romance] | Rosemary's Baby (1968) [Drama|Horror|Thriller] | Captain Phillips (2013) [Adventure|Drama|Thriller|IMAX] | Glory (1989) [Drama|War] | Chinatown (1974) [Crime|Film-Noir|Mystery|Thriller] | Young Frankenstein (1974) [Comedy|Fantasy] | Third Man, The (1949) [Film-Noir|Mystery|Thriller]"
141.0,"Lawrence of Arabia (1962) [Adventure|Drama|War] | Seven Samurai (Shichinin no samurai) (1954) [Action|Adventure|Drama] | Life Is Beautiful (La Vita è bella) (1997) [Comedy|Drama|Romance|War] | Cool Hand Luke (1967) [Drama] | Outlaw Josey Wales, The (1976) [Action|Adventure|Drama|Thriller|Western] | Brazil (1985) [Fantasy|Sci-Fi] | Good, the Bad and the Ugly, The (Buono, il brutto, il cattivo, Il) (1966) [Action|Adventure|Western] | Evil Dead II (Dead by Dawn) (1987) [Action|Comedy|Fantasy|Horror] | Ran (1985) [Drama|War] | Untouchables, The (1987) [Action|Crime|Drama]"
146.0,"Fight Club (1999) [Action|Crime|Drama|Thriller] | Life Is Beautiful (La Vita è bella) (1997) [Comedy|Drama|Romance|War] | Brazil (1985) [Fantasy|Sci-Fi] | Shawshank Redemption, The (1994) [Crime|Drama] | Apocalypse Now (1979) [Action|Drama|War] | Cool Hand Luke (1967) [Drama] | L.A. Confidential (1997) [Crime|Film-Noir|Mystery|Thriller] | Dr. Strangelove or: How I Learned to Stop Worrying and Love the Bomb (1964) [Comedy|War] | Philadelphia Story, The (1940) [Comedy|Drama|Romance] | American History X (1998) [Crime|Drama]"
149.0,"Seventh Seal, The (Sjunde inseglet, Det) (1957) [Drama] | Spirited Away (Sen to Chihiro no kamikakushi) (2001) [Adventure|Animation|Fantasy] | Lock, Stock & Two Smoking Barrels (1998) [Comedy|Crime|Thriller] | Hoop Dreams (1994) [Documentary] | Usual Suspects, The (1995) [Crime|Mystery|Thriller] | Reign Over Me (2007) [Drama] | Fight Club (1999) [Action|Crime|Drama|Thriller] | Lawrence of Arabia (1962) [Adventure|Drama|War] | His Girl Friday (1940) [Comedy|Romance] | Forrest Gump (1994) [Comedy|Drama|Romance|War]"
154.0,"Pulp Fiction (1994) [Comedy|Crime|Drama|Thriller] | Schindler's List (1993) [Drama|War] | Fargo (1996) [Comedy|Crime|Drama|Thriller] | Dr. Strangelove or: How I Learned to Stop Worrying and Love the Bomb (1964) [Comedy|War] | Lawrence of Arabia (1962) [Adventure|Drama|War] | Fight Club (1999) [Action|Crime|Drama|Thriller] | Departed, The (2006) [Crime|Drama|Thriller] | Spirited Away (Sen to Chihiro no kamikakushi) (2001) [Adventure|Animation|Fantasy] | Wallace & Gromit: The Wrong Trousers (1993) [Animation|Children|Comedy|Crime] | Boogie Nights (1997) [Drama]"
156.0,"Eternal Sunshine of the Spotless Mind (2004) [Drama|Romance|Sci-Fi] | Vertigo (1958) [Drama|Mystery|Romance|Thriller] | Shining, The (1980) [Horror] | Paths of Glory (1957) [Drama|War] | Three Billboards Outside Ebbing, Missouri (2017) [Crime|Drama] | Whiplash (2014) [Drama] | Fight Club (1999) [Action|Crime|Drama|Thriller] | Casino (1995) [Crime|Drama] | Raise the Red Lantern (Da hong deng long gao gao gua) (1991) [Drama] | Logan (2017) [Action|Sci-Fi]"
164.0,"Shawshank Redemption, The (1994) [Crime|Drama] | Forrest Gump (1994) [Comedy|Drama|Romance|War] | Goodfellas (1990) [Crime|Drama] | North by Northwest (1959) [Action|Adventure|Mystery|Romance|Thriller] | One Flew Over the Cuckoo's Nest (1975) [Drama] | To Kill a Mockingbird (1962) [Drama] | Godfather, The (1972) [Crime|Drama] | Singin' in the Rain (1952) [Comedy|Musical|Romance] | 12 Angry Men (1957) [Drama] | Philadelphia Story, The (1940) [Comedy|Drama|Romance]"
166.0,"Streetcar Named Desire, A (1951) [Drama] | Wallace & Gromit: The Wrong Trousers (1993) [Animation|Children|Comedy|Crime] | Lawrence of Arabia (1962) [Adventure|Drama|War] | Do the Right Thing (1989) [Drama] | Rebecca (1940) [Drama|Mystery|Romance|Thriller] | Glory (1989) [Drama|War] | Outlaw Josey Wales, The (1976) [Action|Adventure|Drama|Thriller|Western] | My Fair Lady (1964) [Comedy|Drama|Musical|Romance] | Captain America: The Winter Soldier (2014) [Action|Adventure|Sci-Fi|IMAX] | Spotlight (2015) [Thriller]"
177.0,"Evil Dead II (Dead by Dawn) (1987) [Action|Comedy|Fantasy|Horror] | Boogie Nights (1997) [Drama] | Shaun of the Dead (2004) [Comedy|Horror] | Dawn of the Dead (2004) [Action|Drama|Horror|Thriller] | North by Northwest (1959) [Action|Adventure|Mystery|Romance|Thriller] | Day of the Doctor, The (2013) [Adventure|Drama|Sci-Fi] | Strangers on a Train (1951) [Crime|Drama|Film-Noir|Thriller] | Never Cry Wolf (1983) [Adventure|Drama] | Like Water for Chocolate (Como agua para chocolate) (1992) [Drama|Fantasy|Romance] | Laputa: Castle in the Sky (Tenkû no shiro Rapyuta) (1986) [Action|Adventure|Animation|Children|Fantasy|Sci-Fi]"
182.0,"Little Miss Sunshine (2006) [Adventure|Comedy|Drama] | Empire of the Sun (1987) [Action|Adventure|Drama|War] | Manhattan (1979) [Comedy|Drama|Romance] | Femme Nikita, La (Nikita) (1990) [Action|Crime|Romance|Thriller] | Captain Phillips (2013) [Adventure|Drama|Thriller|IMAX] | Hustler, The (1961) [Drama] | Talk to Her (Hable con Ella) (2002) [Drama|Romance] | Cyrano de Bergerac (1990) [Comedy|Drama|Romance] | Bridge on the River Kwai, The (1957) [Adventure|Drama|War] | Philadelphia Story, The (1940) [Comedy|Drama|Romance]"
185.0,"Shawshank Redemption, The (1994) [Crime|Drama] | Star Wars: Episode IV - A New Hope (1977) [Action|Adventure|Sci-Fi] | City of God (Cidade de Deus) (2002) [Action|Adventure|Crime|Drama|Thriller] | Fight Club (1999) [Action|Crime|Drama|Thriller] | American History X (1998) [Crime|Drama] | Star Wars: Episode V - The Empire Strikes Back (1980) [Action|Adventure|Sci-Fi] | Wallace & Gromit: The Best of Aardman Animation (1996) [Adventure|Animation|Comedy] | Princess Bride, The (1987) [Action|Adventure|Comedy|Fantasy|Romance] | Snatch (2000) [Comedy|Crime|Thriller] | Yojimbo (1961) [Action|Adventure]"
193.0,"Seventh Seal, The (Sjunde inseglet, Det) (1957) [Drama] | Monty Python's And Now for Something Completely Different (1971) [Comedy] | Kelly's Heroes (1970) [Action|Comedy|War] | Guess Who's Coming to Dinner (1967) [Drama] | Amadeus (1984) [Drama] | Unforgiven (1992) [Drama|Western] | Lawrence of Arabia (1962) [Adventure|Drama|War] | Star Trek (2009) [Action|Adventure|Sci-Fi|IMAX] | My Fair Lady (1964) [Comedy|Drama|Musical|Romance] | Cool Hand Luke (1967) [Drama]"
196.0,"Shawshank Redemption, The (1994) [Crime|Drama] | Usual Suspects, The (1995) [Crime|Mystery|Thriller] | Schindler's List (1993) [Drama|War] | Fight Club (1999) [Action|Crime|Drama|Thriller] | Life Is Beautiful (La Vita è bella) (1997) [Comedy|Drama|Romance|War] | Forrest Gump (1994) [Comedy|Drama|Romance|War] | Pulp Fiction (1994) [Comedy|Crime|Drama|Thriller] | Back to the Future (1985) [Adventure|Comedy|Sci-Fi] | Godfather, The (1972) [Crime|Drama] | Star Wars: Episode IV - A New Hope (1977) [Action|Adventure|Sci-Fi]"
197.0,"Evil Dead II (Dead by Dawn) (1987) [Action|Comedy|Fantasy|Horror] | Life Is Beautiful (La Vita è bella) (1997) [Comedy|Drama|Romance|War] | Fight Club (1999) [Action|Crime|Drama|Thriller] | Apocalypse Now (1979) [Action|Drama|War] | Glory (1989) [Drama|War] | Hoop Dreams (1994) [Documentary] | Departed, The (2006) [Crime|Drama|Thriller] | Trainspotting (1996) [Comedy|Crime|Drama] | Streetcar Named Desire, A (1951) [Drama] | Clerks (1994) [Comedy]"
205.0,"Shawshank Redemption, The (1994) [Crime|Drama] | Lawrence of Arabia (1962) [Adventure|Drama|War] | One Flew Over the Cuckoo's Nest (1975) [Drama] | Rebecca (1940) [Drama|Mystery|Romance|Thriller] | Lord of the Rings: The Fellowship of the Ring, The (2001) [Adventure|Fantasy] | Lord of the Rings: The Two Towers, The (2002) [Adventure|Fantasy] | Streetcar Named Desire, A (1951) [Drama] | Boondock Saints, The (2000) [Action|Crime|Drama|Thriller] | Sunset Blvd. (a.k.a. Sunset Boulevard) (1950) [Drama|Film-Noir|Romance] | Star Wars: Episode VI - Return of the Jedi (1983) [Action|Adventure|Sci-Fi]"
211.0,"American History X (1998) [Crime|Drama] | Dr. Strangelove or: How I Learned to Stop Worrying and Love the Bomb (1964) [Comedy|War] | Ghost in the Shell (Kôkaku kidôtai) (1995) [Animation|Sci-Fi] | Amelie (Fabuleux destin d'Amélie Poulain, Le) (2001) [Comedy|Romance] | Spirited Away (Sen to Chihiro no kamikakushi) (2001) [Adventure|Animation|Fantasy] | Léon: The Professional (a.k.a. The Professional) (Léon) (1994) [Action|Crime|Drama|Thriller] | Wallace & Gromit: The Wrong Trousers (1993) [Animation|Children|Comedy|Crime] | Philadelphia Story, The (1940) [Comedy|Drama|Romance] | Princess Bride, The (1987) [Action|Adventure|Comedy|Fantasy|Romance] | Big Lebowski, The (1998) [Comedy|Crime]"
212.0,"Streetcar Named Desire, A (1951) [Drama] | Brazil (1985) [Fantasy|Sci-Fi] | Casablanca (1942) [Drama|Romance] | Rear Window (1954) [Mystery|Thriller] | North by Northwest (1959) [Action|Adventure|Mystery|Romance|Thriller] | Good, the Bad and the Ugly, The (Buono, il brutto, il cattivo, Il) (1966) [Action|Adventure|Western] | Dogville (2003) [Drama|Mystery|Thriller] | Seven Samurai (Shichinin no samurai) (1954) [Action|Adventure|Drama] | To Catch a Thief (1955) [Crime|Mystery|Romance|Thriller] | Usual Suspects, The (1995) [Crime|Mystery|Thriller]"
219.0,"Streetcar Named Desire, A (1951) [Drama] | Shawshank Redemption, The (1994) [Crime|Drama] | Hoop Dreams (1994) [Documentary] | Sunset Blvd. (a.k.a. Sunset Boulevard) (1950) [Drama|Film-Noir|Romance] | In the Name of the Father (1993) [Drama] | Philadelphia Story, The (1940) [Comedy|Drama|Romance] | Lawrence of Arabia (1962) [Adventure|Drama|War] | Harold and Maude (1971) [Comedy|Drama|Romance] | Godfather, The (1972) [Crime|Drama] | Logan (2017) [Action|Sci-Fi]"
228.0,"Streetcar Named Desire, A (1951) [Drama] | Shawshank Redemption, The (1994) [Crime|Drama] | Hoop Dreams (1994) [Documentary] | Sunset Blvd. (a.k.a. Sunset Boulevard) (1950) [Drama|Film-Noir|Romance] | In the Name of the Father (1993) [Drama] | Philadelphia Story, The (1940) [Comedy|Drama|Romance] | Lawrence of Arabia (1962) [Adventure|Drama|War] | Harold and Maude (1971) [Comedy|Drama|Romance] | Godfather, The (1972) [Crime|Drama] | Logan (2017) [Action|Sci-Fi]"
232.0,"Life Is Beautiful (La Vita è bella) (1997) [Comedy|Drama|Romance|War] | Singin' in the Rain (1952) [Comedy|Musical|Romance] | Lawrence of Arabia (1962) [Adventure|Drama|War] | Clockwork Orange, A (1971) [Crime|Drama|Sci-Fi|Thriller] | Seven Samurai (Shichinin no samurai) (1954) [Action|Adventure|Drama] | Philadelphia Story, The (1940) [Comedy|Drama|Romance] | Amelie (Fabuleux destin d'Amélie Poulain, Le) (2001) [Comedy|Romance] | Brazil (1985) [Fantasy|Sci-Fi] | Dr. Strangelove or: How I Learned to Stop Worrying and Love the Bomb (1964) [Comedy|War] | Cool Hand Luke (1967) [Drama]"
235.0,"Rear Window (1954) [Mystery|Thriller] | Dark Knight, The (2008) [Action|Crime|Drama|IMAX] | Dr. Strangelove or: How I Learned to Stop Worrying and Love the Bomb (1964) [Comedy|War] | North by Northwest (1959) [Action|Adventure|Mystery|Romance|Thriller] | Little Big Man (1970) [Western] | Touch of Evil (1958) [Crime|Film-Noir|Thriller] | Fight Club (1999) [Action|Crime|Drama|Thriller] | 12 Angry Men (1957) [Drama] | Casablanca (1942) [Drama|Romance] | Memento (2000) [Mystery|Thriller]"
236.0,"Lord of the Rings: The Fellowship of the Ring, The (2001) [Adventure|Fantasy] | Lord of the Rings: The Two Towers, The (2002) [Adventure|Fantasy] | Lord of the Rings: The Return of the King, The (2003) [Action|Adventure|Drama|Fantasy] | Dr. Strangelove or: How I Learned to Stop Worrying and Love the Bomb (1964) [Comedy|War] | Star Wars: Episode IV - A New Hope (1977) [Action|Adventure|Sci-Fi] | Star Wars: Episode V - The Empire Strikes Back (1980) [Action|Adventure|Sci-Fi] | Neon Genesis Evangelion: The End of Evangelion (Shin seiki Evangelion Gekijô-ban: Air/Magokoro wo, kimi ni) (1997) [Action|Animation|Drama|Fantasy|Sci-Fi] | Lawrence of Arabia (1962) [Adventure|Drama|War] | Usual Suspects, The (1995) [Crime|Mystery|Thriller] | Dark Knight, The (2008) [Action|Crime|Drama|IMAX]"
239.0,"Lawrence of Arabia (1962) [Adventure|Drama|War] | Dr. Strangelove or: How I Learned to Stop Worrying and Love the Bomb (1964) [Comedy|War] | Cool Hand Luke (1967) [Drama] | Wallace & Gromit: The Wrong Trousers (1993) [Animation|Children|Comedy|Crime] | Evil Dead II (Dead by Dawn) (1987) [Action|Comedy|Fantasy|Horror] | Shining, The (1980) [Horror] | Wallace & Gromit: The Best of Aardman Animation (1996) [Adventure|Animation|Comedy] | Shaun of the Dead (2004) [Comedy|Horror] | Kelly's Heroes (1970) [Action|Comedy|War] | Rebecca (1940) [Drama|Mystery|Romance|Thriller]"
245.0,"Streetcar Named Desire, A (1951) [Drama] | Shawshank Redemption, The (1994) [Crime|Drama] | Hoop Dreams (1994) [Documentary] | Sunset Blvd. (a.k.a. Sunset Boulevard) (1950) [Drama|Film-Noir|Romance] | In the Name of the Father (1993) [Drama] | Philadelphia Story, The (1940) [Comedy|Drama|Romance] | Lawrence of Arabia (1962) [Adventure|Drama|War] | Harold and Maude (1971) [Comedy|Drama|Romance] | Godfather, The (1972) [Crime|Drama] | Logan (2017) [Action|Sci-Fi]"
251.0,"Usual Suspects, The (1995) [Crime|Mystery|Thriller] | Shawshank Redemption, The (1994) [Crime|Drama] | Dr. Strangelove or: How I Learned to Stop Worrying and Love the Bomb (1964) [Comedy|War] | Singin' in the Rain (1952) [Comedy|Musical|Romance] | Rear Window (1954) [Mystery|Thriller] | Lawrence of Arabia (1962) [Adventure|Drama|War] | Great Escape, The (1963) [Action|Adventure|Drama|War] | Cool Hand Luke (1967) [Drama] | American History X (1998) [Crime|Drama] | Boondock Saints, The (2000) [Action|Crime|Drama|Thriller]"
261.0,"Life Is Beautiful (La Vita è bella) (1997) [Comedy|Drama|Romance|War] | There Will Be Blood (2007) [Drama|Western] | Lawrence of Arabia (1962) [Adventure|Drama|War] | Philadelphia Story, The (1940) [Comedy|Drama|Romance] | Raging Bull (1980) [Drama] | Godfather, The (1972) [Crime|Drama] | Touch of Evil (1958) [Crime|Film-Noir|Thriller] | Casablanca (1942) [Drama|Romance] | Cool Hand Luke (1967) [Drama] | Shawshank Redemption, The (1994) [Crime|Drama]"
265.0,"Lawrence of Arabia (1962) [Adventure|Drama|War] | Godfather, The (1972) [Crime|Drama] | Dr. Strangelove or: How I Learned to Stop Worrying and Love the Bomb (1964) [Comedy|War] | Harry Potter and the Prisoner of Azkaban (2004) [Adventure|Fantasy|IMAX] | Indiana Jones and the Last Crusade (1989) [Action|Adventure] | Lord of the Rings: The Fellowship of the Ring, The (2001) [Adventure|Fantasy] | Amelie (Fabuleux destin d'Amélie Poulain, Le) (2001) [Comedy|Romance] | Lord of the Rings: The Return of the King, The (2003) [Action|Adventure|Drama|Fantasy] | His Girl Friday (1940) [Comedy|Romance] | Psycho (1960) [Crime|Horror]"
266.0,"Godfather, The (1972) [Crime|Drama] | One Flew Over the Cuckoo's Nest (1975) [Drama] | Philadelphia Story, The (1940) [Comedy|Drama|Romance] | Amelie (Fabuleux destin d'Amélie Poulain, Le) (2001) [Comedy|Romance] | Citizen Kane (1941) [Drama|Mystery] | Kelly's Heroes (1970) [Action|Comedy|War] | Memento (2000) [Mystery|Thriller] | Shawshank Redemption, The (1994) [Crime|Drama] | Inglourious Basterds (2009) [Action|Drama|War] | Eternal Sunshine of the Spotless Mind (2004) [Drama|Romance|Sci-Fi]"
269.0,"Shawshank Redemption, The (1994) [Crime|Drama] | Life Is Beautiful (La Vita è bella) (1997) [Comedy|Drama|Romance|War] | Wallace & Gromit: The Wrong Trousers (1993) [Animation|Children|Comedy|Crime] | Streetcar Named Desire, A (1951) [Drama] | Grand Day Out with Wallace and Gromit, A (1989) [Adventure|Animation|Children|Comedy|Sci-Fi] | Léon: The Professional (a.k.a. The Professional) (Léon) (1994) [Action|Crime|Drama|Thriller] | Snatch (2000) [Comedy|Crime|Thriller] | Star Wars: Episode IV - A New Hope (1977) [Action|Adventure|Sci-Fi] | Untitled Spider-Man Reboot (2017) [Action|Adventure|Fantasy] | Full Metal Jacket (1987) [Drama|War]"
275.0,"Philadelphia Story, The (1940) [Comedy|Drama|Romance] | Boondock Saints, The (2000) [Action|Crime|Drama|Thriller] | Terminator 2: Judgment Day (1991) [Action|Sci-Fi] | Interstellar (2014) [Sci-Fi|IMAX] | Manhunter (1986) [Action|Crime|Drama|Horror|Thriller] | Doctor Zhivago (1965) [Drama|Romance|War] | Inception (2010) [Action|Crime|Drama|Mystery|Sci-Fi|Thriller|IMAX] | Band of Brothers (2001) [Action|Drama|War] | Laputa: Castle in the Sky (Tenkû no shiro Rapyuta) (1986) [Action|Adventure|Animation|Children|Fantasy|Sci-Fi] | Collateral (2004) [Action|Crime|Drama|Thriller]"
276.0,"Twelve Monkeys (a.k.a. 12 Monkeys) (1995) [Mystery|Sci-Fi|Thriller] | Usual Suspects, The (1995) [Crime|Mystery|Thriller] | Hoop Dreams (1994) [Documentary] | Pulp Fiction (1994) [Comedy|Crime|Drama|Thriller] | Shawshank Redemption, The (1994) [Crime|Drama] | Vanya on 42nd Street (1994) [Drama] | In the Name of the Father (1993) [Drama] | Blade Runner (1982) [Action|Sci-Fi|Thriller] | Silence of the Lambs, The (1991) [Crime|Horror|Thriller] | Fargo (1996) [Comedy|Crime|Drama|Thriller]"
291.0,"Glory (1989) [Drama|War] | Life Is Beautiful (La Vita è bella) (1997) [Comedy|Drama|Romance|War] | Streetcar Named Desire, A (1951) [Drama] | Sunset Blvd. (a.k.a. Sunset Boulevard) (1950) [Drama|Film-Noir|Romance] | Cool Hand Luke (1967) [Drama] | Ran (1985) [Drama|War] | Snatch (2000) [Comedy|Crime|Thriller] | Silence of the Lambs, The (1991) [Crime|Horror|Thriller] | Lawrence of Arabia (1962) [Adventure|Drama|War] | Monty Python and the Holy Grail (1975) [Adventure|Comedy|Fantasy]"
292.0,"Great Escape, The (1963) [Action|Adventure|Drama|War] | Ghost in the Shell (Kôkaku kidôtai) (1995) [Animation|Sci-Fi] | Full Metal Jacket (1987) [Drama|War] | Donnie Darko (2001) [Drama|Mystery|Sci-Fi|Thriller] | Wallace & Gromit: A Close Shave (1995) [Animation|Children|Comedy] | Man Who Wasn't There, The (2001) [Crime|Drama] | Shining, The (1980) [Horror] | Almost Famous (2000) [Drama] | The Imitation Game (2014) [Drama|Thriller|War] | My Neighbor Totoro (Tonari no Totoro) (1988) [Animation|Children|Drama|Fantasy]"
300.0,"Departed, The (2006) [Crime|Drama|Thriller] | Dr. Strangelove or: How I Learned to Stop Worrying and Love the Bomb (1964) [Comedy|War] | Kill Bill: Vol. 1 (2003) [Action|Crime|Thriller] | Citizen Kane (1941) [Drama|Mystery] | Spirited Away (Sen to Chihiro no kamikakushi) (2001) [Adventure|Animation|Fantasy] | Kill Bill: Vol. 2 (2004) [Action|Drama|Thriller] | Seventh Seal, The (Sjunde inseglet, Det) (1957) [Drama] | High Noon (1952) [Drama|Western] | Dark Knight, The (2008) [Action|Crime|Drama|IMAX] | There Will Be Blood (2007) [Drama|Western]"
312.0,"Godfather, The (1972) [Crime|Drama] | Life Is Beautiful (La Vita è bella) (1997) [Comedy|Drama|Romance|War] | Pulp Fiction (1994) [Comedy|Crime|Drama|Thriller] | Fight Club (1999) [Action|Crime|Drama|Thriller] | Raging Bull (1980) [Drama] | Shawshank Redemption, The (1994) [Crime|Drama] | Some Like It Hot (1959) [Comedy|Crime] | Grand Day Out with Wallace and Gromit, A (1989) [Adventure|Animation|Children|Comedy|Sci-Fi] | Silence of the Lambs, The (1991) [Crime|Horror|Thriller] | Departed, The (2006) [Crime|Drama|Thriller]"
321.0,"Hustler, The (1961) [Drama] | Lawrence of Arabia (1962) [Adventure|Drama|War] | Good, the Bad and the Ugly, The (Buono, il brutto, il cattivo, Il) (1966) [Action|Adventure|Western] | Amadeus (1984) [Drama] | Fight Club (1999) [Action|Crime|Drama|Thriller] | Pulp Fiction (1994) [Comedy|Crime|Drama|Thriller] | Eternal Sunshine of the Spotless Mind (2004) [Drama|Romance|Sci-Fi] | Goodfellas (1990) [Crime|Drama] | Logan (2017) [Action|Sci-Fi] | Apocalypse Now (1979) [Action|Drama|War]"
322.0,"Lawrence of Arabia (1962) [Adventure|Drama|War] | Rear Window (1954) [Mystery|Thriller] | Touch of Evil (1958) [Crime|Film-Noir|Thriller] | Hustler, The (1961) [Drama] | Wallace & Gromit: The Best of Aardman Animation (1996) [Adventure|Animation|Comedy] | Green Mile, The (1999) [Crime|Drama] | Raging Bull (1980) [Drama] | Easy A (2010) [Comedy|Romance] | High Noon (1952) [Drama|Western] | Donnie Darko (2001) [Drama|Mystery|Sci-Fi|Thriller]"
332.0,"Ghost in the Shell (Kôkaku kidôtai) (1995) [Animation|Sci-Fi] | Princess Bride, The (1987) [Action|Adventure|Comedy|Fantasy|Romance] | In the Name of the Father (1993) [Drama] | Grand Day Out with Wallace and Gromit, A (1989) [Adventure|Animation|Children|Comedy|Sci-Fi] | Raging Bull (1980) [Drama] | Boondock Saints, The (2000) [Action|Crime|Drama|Thriller] | Rosemary's Baby (1968) [Drama|Horror|Thriller] | Young Frankenstein (1974) [Comedy|Fantasy] | Apocalypse Now (1979) [Action|Drama|War] | Singin' in the Rain (1952) [Comedy|Musical|Romance]"
354.0,"Casablanca (1942) [Drama|Romance] | Philadelphia Story, The (1940) [Comedy|Drama|Romance] | Evil Dead II (Dead by Dawn) (1987) [Action|Comedy|Fantasy|Horror] | Apocalypse Now (1979) [Action|Drama|War] | Dark Knight, The (2008) [Action|Crime|Drama|IMAX] | To Catch a Thief (1955) [Crime|Mystery|Romance|Thriller] | Cool Hand Luke (1967) [Drama] | To Kill a Mockingbird (1962) [Drama] | Hustler, The (1961) [Drama] | Grand Day Out with Wallace and Gromit, A (1989) [Adventure|Animation|Children|Comedy|Sci-Fi]"
356.0,"Rear Window (1954) [Mystery|Thriller] | Great Escape, The (1963) [Action|Adventure|Drama|War] | Dr. Strangelove or: How I Learned to Stop Worrying and Love the Bomb (1964) [Comedy|War] | Hoop Dreams (1994) [Documentary] | Rosemary's Baby (1968) [Drama|Horror|Thriller] | To Kill a Mockingbird (1962) [Drama] | Guess Who's Coming to Dinner (1967) [Drama] | There Will Be Blood (2007) [Drama|Western] | Some Like It Hot (1959) [Comedy|Crime] | Lawrence of Arabia (1962) [Adventure|Drama|War]"
362.0,"Evil Dead II (Dead by Dawn) (1987) [Action|Comedy|Fantasy|Horror] | Lawrence of Arabia (1962) [Adventure|Drama|War] | Shaun of the Dead (2004) [Comedy|Horror] | Philadelphia Story, The (1940) [Comedy|Drama|Romance] | Dr. Strangelove or: How I Learned to Stop Worrying and Love the Bomb (1964) [Comedy|War] | Cool Hand Luke (1967) [Drama] | Rosemary's Baby (1968) [Drama|Horror|Thriller] | Citizen Kane (1941) [Drama|Mystery] | Rear Window (1954) [Mystery|Thriller] | Life Is Beautiful (La Vita è bella) (1997) [Comedy|Drama|Romance|War]"
368.0,"Shawshank Redemption, The (1994) [Crime|Drama] | Monty Python and the Holy Grail (1975) [Adventure|Comedy|Fantasy] | Dr. Strangelove or: How I Learned to Stop Worrying and Love the Bomb (1964) [Comedy|War] | Spirited Away (Sen to Chihiro no kamikakushi) (2001) [Adventure|Animation|Fantasy] | Ran (1985) [Drama|War] | Lawrence of Arabia (1962) [Adventure|Drama|War] | Fight Club (1999) [Action|Crime|Drama|Thriller] | Blade Runner (1982) [Action|Sci-Fi|Thriller] | Ghost in the Shell (Kôkaku kidôtai) (1995) [Animation|Sci-Fi] | Casablanca (1942) [Drama|Romance]"
369.0,"Streetcar Named Desire, A (1951) [Drama] | Shawshank Redemption, The (1994) [Crime|Drama] | Hoop Dreams (1994) [Documentary] | Sunset Blvd. (a.k.a. Sunset Boulevard) (1950) [Drama|Film-Noir|Romance] | In the Name of the Father (1993) [Drama] | Philadelphia Story, The (1940) [Comedy|Drama|Romance] | Lawrence of Arabia (1962) [Adventure|Drama|War] | Harold and Maude (1971) [Comedy|Drama|Romance] | Godfather, The (1972) [Crime|Drama] | Logan (2017) [Action|Sci-Fi]"
370.0,"Seventh Seal, The (Sjunde inseglet, Det) (1957) [Drama] | Amadeus (1984) [Drama] | Streetcar Named Desire, A (1951) [Drama] | His Girl Friday (1940) [Comedy|Romance] | Life Is Beautiful (La Vita è bella) (1997) [Comedy|Drama|Romance|War] | Lawrence of Arabia (1962) [Adventure|Drama|War] | Manchurian Candidate, The (1962) [Crime|Thriller|War] | Harold and Maude (1971) [Comedy|Drama|Romance] | Alien (1979) [Horror|Sci-Fi] | Forrest Gump (1994) [Comedy|Drama|Romance|War]"
376.0,"Sunset Blvd. (a.k.a. Sunset Boulevard) (1950) [Drama|Film-Noir|Romance] | Evil Dead II (Dead by Dawn) (1987) [Action|Comedy|Fantasy|Horror] | Guess Who's Coming to Dinner (1967) [Drama] | Once Upon a Time in the West (C'era una volta il West) (1968) [Action|Drama|Western] | Rebecca (1940) [Drama|Mystery|Romance|Thriller] | Shawshank Redemption, The (1994) [Crime|Drama] | Singin' in the Rain (1952) [Comedy|Musical|Romance] | Donnie Darko (2001) [Drama|Mystery|Sci-Fi|Thriller] | His Girl Friday (1940) [Comedy|Romance] | One Flew Over the Cuckoo's Nest (1975) [Drama]"
378.0,"Lawrence of Arabia (1962) [Adventure|Drama|War] | Casablanca (1942) [Drama|Romance] | There Will Be Blood (2007) [Drama|Western] | In the Name of the Father (1993) [Drama] | Apocalypse Now (1979) [Action|Drama|War] | Paths of Glory (1957) [Drama|War] | Shining, The (1980) [Horror] | Boot, Das (Boat, The) (1981) [Action|Drama|War] | Life Is Beautiful (La Vita è bella) (1997) [Comedy|Drama|Romance|War] | Boondock Saints, The (2000) [Action|Crime|Drama|Thriller]"
381.0,"Streetcar Named Desire, A (1951) [Drama] | Shawshank Redemption, The (1994) [Crime|Drama] | Hoop Dreams (1994) [Documentary] | Sunset Blvd. (a.k.a. Sunset Boulevard) (1950) [Drama|Film-Noir|Romance] | In the Name of the Father (1993) [Drama] | Philadelphia Story, The (1940) [Comedy|Drama|Romance] | Lawrence of Arabia (1962) [Adventure|Drama|War] | Harold and Maude (1971) [Comedy|Drama|Romance] | Godfather, The (1972) [Crime|Drama] | Logan (2017) [Action|Sci-Fi]"
382.0,"Back to the Future (1985) [Adventure|Comedy|Sci-Fi] | Princess Bride, The (1987) [Action|Adventure|Comedy|Fantasy|Romance] | Monty Python and the Holy Grail (1975) [Adventure|Comedy|Fantasy] | Fargo (1996) [Comedy|Crime|Drama|Thriller] | Never Cry Wolf (1983) [Adventure|Drama] | Apocalypse Now (1979) [Action|Drama|War] | Shrek (2001) [Adventure|Animation|Children|Comedy|Fantasy|Romance] | Singin' in the Rain (1952) [Comedy|Musical|Romance] | To Catch a Thief (1955) [Crime|Mystery|Romance|Thriller] | Forgetting Sarah Marshall (2008) [Comedy|Romance]"
384.0,"Star Wars: Episode IV - A New Hope (1977) [Action|Adventure|Sci-Fi] | Matrix, The (1999) [Action|Sci-Fi|Thriller] | Shawshank Redemption, The (1994) [Crime|Drama] | Star Wars: Episode V - The Empire Strikes Back (1980) [Action|Adventure|Sci-Fi] | Godfather, The (1972) [Crime|Drama] | Touch of Evil (1958) [Crime|Film-Noir|Thriller] | Maltese Falcon, The (1941) [Film-Noir|Mystery] | Life Is Beautiful (La Vita è bella) (1997) [Comedy|Drama|Romance|War] | Raiders of the Lost Ark (Indiana Jones and the Raiders of the Lost Ark) (1981) [Action|Adventure] | Great Escape, The (1963) [Action|Adventure|Drama|War]"
395.0,"There Will Be Blood (2007) [Drama|Western] | Departed, The (2006) [Crime|Drama|Thriller] | Seventh Seal, The (Sjunde inseglet, Det) (1957) [Drama] | Lawrence of Arabia (1962) [Adventure|Drama|War] | Life Is Beautiful (La Vita è bella) (1997) [Comedy|Drama|Romance|War] | Cool Hand Luke (1967) [Drama] | Evil Dead II (Dead by Dawn) (1987) [Action|Comedy|Fantasy|Horror] | Three Billboards Outside Ebbing, Missouri (2017) [Crime|Drama] | Ran (1985) [Drama|War] | Chinatown (1974) [Crime|Film-Noir|Mystery|Thriller]"
405.0,"Lawrence of Arabia (1962) [Adventure|Drama|War] | Streetcar Named Desire, A (1951) [Drama] | Seventh Seal, The (Sjunde inseglet, Det) (1957) [Drama] | Glory (1989) [Drama|War] | Rosemary's Baby (1968) [Drama|Horror|Thriller] | Departed, The (2006) [Crime|Drama|Thriller] | His Girl Friday (1940) [Comedy|Romance] | Shawshank Redemption, The (1994) [Crime|Drama] | Spotlight (2015) [Thriller] | Sunset Blvd. (a.k.a. Sunset Boulevard) (1950) [Drama|Film-Noir|Romance]"
409.0,"Apocalypse Now (1979) [Action|Drama|War] | Philadelphia Story, The (1940) [Comedy|Drama|Romance] | Army of Darkness (1993) [Action|Adventure|Comedy|Fantasy|Horror] | Brazil (1985) [Fantasy|Sci-Fi] | Rear Window (1954) [Mystery|Thriller] | Amelie (Fabuleux destin d'Amélie Poulain, Le) (2001) [Comedy|Romance] | Streetcar Named Desire, A (1951) [Drama] | Lawrence of Arabia (1962) [Adventure|Drama|War] | Clockwork Orange, A (1971) [Crime|Drama|Sci-Fi|Thriller] | Usual Suspects, The (1995) [Crime|Mystery|Thriller]"
425.0,"Lawrence of Arabia (1962) [Adventure|Drama|War] | Wallace & Gromit: The Best of Aardman Animation (1996) [Adventure|Animation|Comedy] | Amadeus (1984) [Drama] | His Girl Friday (1940) [Comedy|Romance] | Streetcar Named Desire, A (1951) [Drama] | Guess Who's Coming to Dinner (1967) [Drama] | Dogville (2003) [Drama|Mystery|Thriller] | Life Is Beautiful (La Vita è bella) (1997) [Comedy|Drama|Romance|War] | Sunset Blvd. (a.k.a. Sunset Boulevard) (1950) [Drama|Film-Noir|Romance] | Grave of the Fireflies (Hotaru no haka) (1988) [Animation|Drama|War]"
430.0,"Star Wars: Episode IV - A New Hope (1977) [Action|Adventure|Sci-Fi] | Star Wars: Episode V - The Empire Strikes Back (1980) [Action|Adventure|Sci-Fi] | Touch of Evil (1958) [Crime|Film-Noir|Thriller] | Blade Runner (1982) [Action|Sci-Fi|Thriller] | Ghost in the Shell (Kôkaku kidôtai) (1995) [Animation|Sci-Fi] | Trainspotting (1996) [Comedy|Crime|Drama] | Life Is Beautiful (La Vita è bella) (1997) [Comedy|Drama|Romance|War] | Usual Suspects, The (1995) [Crime|Mystery|Thriller] | Evil Dead II (Dead by Dawn) (1987) [Action|Comedy|Fantasy|Horror] | Pulp Fiction (1994) [Comedy|Crime|Drama|Thriller]"
448.0,"Shawshank Redemption, The (1994) [Crime|Drama] | 12 Angry Men (1957) [Drama] | Old Boy (2003) [Mystery|Thriller] | Christmas Story, A (1983) [Children|Comedy] | Schindler's List (1993) [Drama|War] | Lawrence of Arabia (1962) [Adventure|Drama|War] | Amelie (Fabuleux destin d'Amélie Poulain, Le) (2001) [Comedy|Romance] | Princess Bride, The (1987) [Action|Adventure|Comedy|Fantasy|Romance] | Dr. Strangelove or: How I Learned to Stop Worrying and Love the Bomb (1964) [Comedy|War] | Spirited Away (Sen to Chihiro no kamikakushi) (2001) [Adventure|Animation|Fantasy]"
450.0,"Streetcar Named Desire, A (1951) [Drama] | Shawshank Redemption, The (1994) [Crime|Drama] | Hoop Dreams (1994) [Documentary] | Sunset Blvd. (a.k.a. Sunset Boulevard) (1950) [Drama|Film-Noir|Romance] | In the Name of the Father (1993) [Drama] | Philadelphia Story, The (1940) [Comedy|Drama|Romance] | Lawrence of Arabia (1962) [Adventure|Drama|War] | Harold and Maude (1971) [Comedy|Drama|Romance] | Godfather, The (1972) [Crime|Drama] | Logan (2017) [Action|Sci-Fi]"
452.0,"Usual Suspects, The (1995) [Crime|Mystery|Thriller] | Crumb (1994) [Documentary] | Hoop Dreams (1994) [Documentary] | Léon: The Professional (a.k.a. The Professional) (Léon) (1994) [Action|Crime|Drama|Thriller] | Three Colors: White (Trzy kolory: Bialy) (1994) [Comedy|Drama] | Shawshank Redemption, The (1994) [Crime|Drama] | Lion King, The (1994) [Adventure|Animation|Children|Drama|Musical|IMAX] | Fugitive, The (1993) [Thriller] | In the Name of the Father (1993) [Drama] | Aladdin (1992) [Adventure|Animation|Children|Comedy|Musical]"
480.0,"Streetcar Named Desire, A (1951) [Drama] | Shawshank Redemption, The (1994) [Crime|Drama] | Hoop Dreams (1994) [Documentary] | Sunset Blvd. (a.k.a. Sunset Boulevard) (1950) [Drama|Film-Noir|Romance] | In the Name of the Father (1993) [Drama] | Philadelphia Story, The (1940) [Comedy|Drama|Romance] | Lawrence of Arabia (1962) [Adventure|Drama|War] | Harold and Maude (1971) [Comedy|Drama|Romance] | Godfather, The (1972) [Crime|Drama] | Logan (2017) [Action|Sci-Fi]"
482.0,"Rosemary's Baby (1968) [Drama|Horror|Thriller] | Departed, The (2006) [Crime|Drama|Thriller] | There Will Be Blood (2007) [Drama|Western] | Singin' in the Rain (1952) [Comedy|Musical|Romance] | Three Colors: Red (Trois couleurs: Rouge) (1994) [Drama] | Boondock Saints, The (2000) [Action|Crime|Drama|Thriller] | Glory (1989) [Drama|War] | Old Boy (2003) [Mystery|Thriller] | Big Sleep, The (1946) [Crime|Film-Noir|Mystery] | Fight Club (1999) [Action|Crime|Drama|Thriller]"
483.0,"Streetcar Named Desire, A (1951) [Drama] | Shawshank Redemption, The (1994) [Crime|Drama] | Hoop Dreams (1994) [Documentary] | Sunset Blvd. (a.k.a. Sunset Boulevard) (1950) [Drama|Film-Noir|Romance] | In the Name of the Father (1993) [Drama] | Philadelphia Story, The (1940) [Comedy|Drama|Romance] | Lawrence of Arabia (1962) [Adventure|Drama|War] | Harold and Maude (1971) [Comedy|Drama|Romance] | Godfather, The (1972) [Crime|Drama] | Logan (2017) [Action|Sci-Fi]"
494.0,"Lord of the Rings: The Fellowship of the Ring, The (2001) [Adventure|Fantasy] | Monty Python and the Holy Grail (1975) [Adventure|Comedy|Fantasy] | Shawshank Redemption, The (1994) [Crime|Drama] | Amelie (Fabuleux destin d'Amélie Poulain, Le) (2001) [Comedy|Romance] | Memento (2000) [Mystery|Thriller] | Dr. Strangelove or: How I Learned to Stop Worrying and Love the Bomb (1964) [Comedy|War] | Goodfellas (1990) [Crime|Drama] | Schindler's List (1993) [Drama|War] | Princess Bride, The (1987) [Action|Adventure|Comedy|Fantasy|Romance] | One Flew Over the Cuckoo's Nest (1975) [Drama]"
507.0,"Eternal Sunshine of the Spotless Mind (2004) [Drama|Romance|Sci-Fi] | Lawrence of Arabia (1962) [Adventure|Drama|War] | Lord of the Rings: The Fellowship of the Ring, The (2001) [Adventure|Fantasy] | Reservoir Dogs (1992) [Crime|Mystery|Thriller] | Lord of the Rings: The Two Towers, The (2002) [Adventure|Fantasy] | Glory (1989) [Drama|War] | Wallace & Gromit: The Best of Aardman Animation (1996) [Adventure|Animation|Comedy] | Road Warrior, The (Mad Max 2) (1981) [Action|Adventure|Sci-Fi|Thriller] | Rear Window (1954) [Mystery|Thriller] | Apocalypse Now (1979) [Action|Drama|War]"
517.0,"Monty Python's The Meaning of Life (1983) [Comedy] | Departed, The (2006) [Crime|Drama|Thriller] | River Runs Through It, A (1992) [Drama] | Rushmore (1998) [Comedy|Drama] | Sling Blade (1996) [Drama] | Lover Come Back (1961) [Comedy|Romance] | Idiocracy (2006) [Adventure|Comedy|Sci-Fi|Thriller] | Die Hard (1988) [Action|Crime|Thriller] | Jaws (1975) [Action|Horror] | Trainspotting (1996) [Comedy|Crime|Drama]"
525.0,"Lawrence of Arabia (1962) [Adventure|Drama|War] | Casablanca (1942) [Drama|Romance] | Ghost in the Shell (Kôkaku kidôtai) (1995) [Animation|Sci-Fi] | Chinatown (1974) [Crime|Film-Noir|Mystery|Thriller] | Hoop Dreams (1994) [Documentary] | Good, the Bad and the Ugly, The (Buono, il brutto, il cattivo, Il) (1966) [Action|Adventure|Western] | Guess Who's Coming to Dinner (1967) [Drama] | North by Northwest (1959) [Action|Adventure|Mystery|Romance|Thriller] | Great Escape, The (1963) [Action|Adventure|Drama|War] | Godfather, The (1972) [Crime|Drama]"
527.0,"Life Is Beautiful (La Vita è bella) (1997) [Comedy|Drama|Romance|War] | Lord of the Rings: The Two Towers, The (2002) [Adventure|Fantasy] | Gladiator (1992) [Action|Drama] | Serenity (2005) [Action|Adventure|Sci-Fi] | Brazil (1985) [Fantasy|Sci-Fi] | Full Metal Jacket (1987) [Drama|War] | Ghost Dog: The Way of the Samurai (1999) [Crime|Drama] | Lord of the Rings: The Return of the King, The (2003) [Action|Adventure|Drama|Fantasy] | Shrek (2001) [Adventure|Animation|Children|Comedy|Fantasy|Romance] | Fargo (1996) [Comedy|Crime|Drama|Thriller]"
547.0,"Departed, The (2006) [Crime|Drama|Thriller] | Fight Club (1999) [Action|Crime|Drama|Thriller] | Dr. Strangelove or: How I Learned to Stop Worrying and Love the Bomb (1964) [Comedy|War] | Pulp Fiction (1994) [Comedy|Crime|Drama|Thriller] | Shawshank Redemption, The (1994) [Crime|Drama] | Philadelphia Story, The (1940) [Comedy|Drama|Romance] | Streetcar Named Desire, A (1951) [Drama] | Evil Dead II (Dead by Dawn) (1987) [Action|Comedy|Fantasy|Horror] | Eternal Sunshine of the Spotless Mind (2004) [Drama|Romance|Sci-Fi] | Cool Hand Luke (1967) [Drama]"
548.0,"Lawrence of Arabia (1962) [Adventure|Drama|War] | Shawshank Redemption, The (1994) [Crime|Drama] | Dr. Strangelove or: How I Learned to Stop Worrying and Love the Bomb (1964) [Comedy|War] | Monty Python and the Holy Grail (1975) [Adventure|Comedy|Fantasy] | Glory (1989) [Drama|War] | Raiders of the Lost Ark (Indiana Jones and the Raiders of the Lost Ark) (1981) [Action|Adventure] | Brazil (1985) [Fantasy|Sci-Fi] | Schindler's List (1993) [Drama|War] | Some Like It Hot (1959) [Comedy|Crime] | Hoop Dreams (1994) [Documentary]"
556.0,"Shawshank Redemption, The (1994) [Crime|Drama] | Lawrence of Arabia (1962) [Adventure|Drama|War] | Usual Suspects, The (1995) [Crime|Mystery|Thriller] | Eternal Sunshine of the Spotless Mind (2004) [Drama|Romance|Sci-Fi] | Casablanca (1942) [Drama|Romance] | Walk the Line (2005) [Drama|Musical|Romance] | Dark Knight, The (2008) [Action|Crime|Drama|IMAX] | Army of Darkness (1993) [Action|Adventure|Comedy|Fantasy|Horror] | Evil Dead II (Dead by Dawn) (1987) [Action|Comedy|Fantasy|Horror] | Forrest Gump (1994) [Comedy|Drama|Romance|War]"
560.0,"Lawrence of Arabia (1962) [Adventure|Drama|War] | Life Is Beautiful (La Vita è bella) (1997) [Comedy|Drama|Romance|War] | Touch of Evil (1958) [Crime|Film-Noir|Thriller] | Evil Dead II (Dead by Dawn) (1987) [Action|Comedy|Fantasy|Horror] | There Will Be Blood (2007) [Drama|Western] | Seventh Seal, The (Sjunde inseglet, Det) (1957) [Drama] | Dr. Strangelove or: How I Learned to Stop Worrying and Love the Bomb (1964) [Comedy|War] | Streetcar Named Desire, A (1951) [Drama] | Cool Hand Luke (1967) [Drama] | Rebecca (1940) [Drama|Mystery|Romance|Thriller]"
566.0,"Godfather, The (1972) [Crime|Drama] | Fight Club (1999) [Action|Crime|Drama|Thriller] | Glory (1989) [Drama|War] | Amadeus (1984) [Drama] | Dr. Strangelove or: How I Learned to Stop Worrying and Love the Bomb (1964) [Comedy|War] | Apocalypse Now (1979) [Action|Drama|War] | Lawrence of Arabia (1962) [Adventure|Drama|War] | American Beauty (1999) [Drama|Romance] | Touch of Evil (1958) [Crime|Film-Noir|Thriller] | Goodfellas (1990) [Crime|Drama]"
569.0,Monty Python and the Holy Grail (1975) [Adventure|Comedy|Fantasy] | Lawrence of Arabia (1962) [Adventure|Drama|War] | Goodfellas (1990) [Crime|Drama] | This Is Spinal Tap (1984) [Comedy] | Fight Club (1999) [Action|Crime|Drama|Thriller] | Reservoir Dogs (1992) [Crime|Mystery|Thriller] | Dr. Strangelove or: How I Learned to Stop Worrying and Love the Bomb (1964) [Comedy|War] | Old Boy (2003) [Mystery|Thriller] | American History X (1998) [Crime|Drama] | Blade Runner (1982) [Action|Sci-Fi|Thriller]
571.0,"Reservoir Dogs (1992) [Crime|Mystery|Thriller] | Life Is Beautiful (La Vita è bella) (1997) [Comedy|Drama|Romance|War] | Amelie (Fabuleux destin d'Amélie Poulain, Le) (2001) [Comedy|Romance] | Doctor Zhivago (1965) [Drama|Romance|War] | Silence of the Lambs, The (1991) [Crime|Horror|Thriller] | Manchurian Candidate, The (1962) [Crime|Thriller|War] | In the Name of the Father (1993) [Drama] | Grave of the Fireflies (Hotaru no haka) (1988) [Animation|Drama|War] | Glory (1989) [Drama|War] | Godfather: Part II, The (1974) [Crime|Drama]"
580.0,"Life Is Beautiful (La Vita è bella) (1997) [Comedy|Drama|Romance|War] | Glory (1989) [Drama|War] | Thing, The (1982) [Action|Horror|Sci-Fi|Thriller] | Django Unchained (2012) [Action|Drama|Western] | Interstellar (2014) [Sci-Fi|IMAX] | WALL·E (2008) [Adventure|Animation|Children|Romance|Sci-Fi] | Inception (2010) [Action|Crime|Drama|Mystery|Sci-Fi|Thriller|IMAX] | FLCL (2000) [Animation|Comedy|Fantasy|Sci-Fi] | Manchurian Candidate, The (1962) [Crime|Thriller|War] | Ghost in the Shell (Kôkaku kidôtai) (1995) [Animation|Sci-Fi]"
581.0,"Usual Suspects, The (1995) [Crime|Mystery|Thriller] | Star Wars: Episode V - The Empire Strikes Back (1980) [Action|Adventure|Sci-Fi] | High Noon (1952) [Drama|Western] | Alien (1979) [Horror|Sci-Fi] | Lawrence of Arabia (1962) [Adventure|Drama|War] | Casablanca (1942) [Drama|Romance] | Shining, The (1980) [Horror] | Star Wars: Episode IV - A New Hope (1977) [Action|Adventure|Sci-Fi] | Good, the Bad and the Ugly, The (Buono, il brutto, il cattivo, Il) (1966) [Action|Adventure|Western] | Streetcar Named Desire, A (1951) [Drama]"
587.0,"Donnie Darko (2001) [Drama|Mystery|Sci-Fi|Thriller] | Evil Dead II (Dead by Dawn) (1987) [Action|Comedy|Fantasy|Horror] | Apocalypse Now (1979) [Action|Drama|War] | Shawshank Redemption, The (1994) [Crime|Drama] | Dr. Strangelove or: How I Learned to Stop Worrying and Love the Bomb (1964) [Comedy|War] | Hoop Dreams (1994) [Documentary] | Seventh Seal, The (Sjunde inseglet, Det) (1957) [Drama] | Rosemary's Baby (1968) [Drama|Horror|Thriller] | Lawrence of Arabia (1962) [Adventure|Drama|War] | Godfather: Part II, The (1974) [Crime|Drama]"
592.0,Fargo (1996) [Comedy|Crime|Drama|Thriller] | Hoop Dreams (1994) [Documentary] | Casablanca (1942) [Drama|Romance] | Cool Hand Luke (1967) [Drama] | Chinatown (1974) [Crime|Film-Noir|Mystery|Thriller] | Lawrence of Arabia (1962) [Adventure|Drama|War] | Guess Who's Coming to Dinner (1967) [Drama] | Life Is Beautiful (La Vita è bella) (1997) [Comedy|Drama|Romance|War] | Full Metal Jacket (1987) [Drama|War] | Dr. Strangelove or: How I Learned to Stop Worrying and Love the Bomb (1964) [Comedy|War]
599.0,"Manchurian Candidate, The (1962) [Crime|Thriller|War] | Life Is Beautiful (La Vita è bella) (1997) [Comedy|Drama|Romance|War] | Cool Hand Luke (1967) [Drama] | Sting, The (1973) [Comedy|Crime] | This Is Spinal Tap (1984) [Comedy] | In the Name of the Father (1993) [Drama] | Sling Blade (1996) [Drama] | Vertigo (1958) [Drama|Mystery|Romance|Thriller] | One Flew Over the Cuckoo's Nest (1975) [Drama] | Intouchables (2011) [Comedy|Drama]"
606.0,"Streetcar Named Desire, A (1951) [Drama] | To Kill a Mockingbird (1962) [Drama] | Fargo (1996) [Comedy|Crime|Drama|Thriller] | Ghost in the Shell (Kôkaku kidôtai) (1995) [Animation|Sci-Fi] | Chinatown (1974) [Crime|Film-Noir|Mystery|Thriller] | Goodfellas (1990) [Crime|Drama] | Office Space (1999) [Comedy|Crime] | Kelly's Heroes (1970) [Action|Comedy|War] | Grand Day Out with Wallace and Gromit, A (1989) [Adventure|Animation|Children|Comedy|Sci-Fi] | Untitled Spider-Man Reboot (2017) [Action|Adventure|Fantasy]"
607.0,"Interstellar (2014) [Sci-Fi|IMAX] | High Noon (1952) [Drama|Western] | In the Name of the Father (1993) [Drama] | Lawrence of Arabia (1962) [Adventure|Drama|War] | Snatch (2000) [Comedy|Crime|Thriller] | Great Escape, The (1963) [Action|Adventure|Drama|War] | Dr. Strangelove or: How I Learned to Stop Worrying and Love the Bomb (1964) [Comedy|War] | Happiness (1998) [Comedy|Drama] | There Will Be Blood (2007) [Drama|Western] | Rosemary's Baby (1968) [Drama|Horror|Thriller]"
